
-------------------------------------------------------------
insert into cricket Values('01','20071101','20071102','269','270-9','20071102');
insert into cricket Values('02','20071103','20071104','229-7','221','20071103');
insert into cricket Values('03','20071101','20071104','148-9','151-5','20071104');
insert into cricket Values('04','20071102','20071103','312-7','315-8','20071103');
insert into cricket Values('05','20071101','20071103','289-8','290-9','20071103');
insert into cricket Values('06','20071102','20071104','275-8','226','20071102');

----------------------------------------------

insert into cricket_points Values('20071101','3','0','3','0');
insert into cricket_points Values('20071102','3','2','1','+4');
insert into cricket_points Values('20071103','3','3','0','+6');
insert into cricket_points Values('20071104','3','1','2','+2');

------------------------------------------------------------------

insert into cric_players_points Values('20071101001','3','192','0');
insert into cric_players_points Values('20071101002','3','183','0');
insert into cric_players_points Values('20071101003','3','175','0');
insert into cric_players_points Values('20071101004','3','165','0');
insert into cric_players_points Values('20071101005','3','149','1');
insert into cric_players_points Values('20071101006','3','134','3');
insert into cric_players_points Values('20071101007','3','103','4');
insert into cric_players_points Values('20071101008','3','94','6');
insert into cric_players_points Values('20071101009','3','85','7');
insert into cric_players_points Values('20071101010','2','52','5');
insert into cric_players_points Values('20071101011','2','67','0');
insert into cric_players_points Values('20071101012','1','12','4');
insert into cric_players_points Values('20071101013','1','15','2');
insert into cric_players_points Values('20071101014','1','10','3');
insert into cric_players_points Values('20071101015','1','70','0');



insert into cric_players_points Values('20071102001','3','219','0');
insert into cric_players_points Values('20071102002','3','197','0');
insert into cric_players_points Values('20071102003','3','165','0');
insert into cric_players_points Values('20071102004','3','156','0');
insert into cric_players_points Values('20071102005','3','143','2');
insert into cric_players_points Values('20071102006','3','121','2');
insert into cric_players_points Values('20071102007','3','74','6');
insert into cric_players_points Values('20071102008','0','0','0');
insert into cric_players_points Values('20071102009','1','0','3');
insert into cric_players_points Values('20071102010','3','15','4');
insert into cric_players_points Values('20071102011','1','10','2');
insert into cric_players_points Values('20071102012','1','55','0');
insert into cric_players_points Values('20071102013','1','23','2');
insert into cric_players_points Values('20071102014','3','74','5');
insert into cric_players_points Values('20071102015','3','61','3');



insert into cric_players_points Values('20071103001','3','226','0');
insert into cric_players_points Values('20071103002','3','201','0');
insert into cric_players_points Values('20071103003','3','167','0');
insert into cric_players_points Values('20071103004','3','133','0');
insert into cric_players_points Values('20071103005','3','121','2');
insert into cric_players_points Values('20071103006','3','99','0');
insert into cric_players_points Values('20071103007','3','89','0');
insert into cric_players_points Values('20071103008','3','76','2');
insert into cric_players_points Values('20071103009','3','10','6');
insert into cric_players_points Values('20071103010','2','15','5');
insert into cric_players_points Values('20071103011','2','21','2');
insert into cric_players_points Values('20071103012','1','48','0');
insert into cric_players_points Values('20071103013','1','13','3');
insert into cric_players_points Values('20071103014','1','70','0');
insert into cric_players_points Values('20071103015','1','0','2');


insert into cric_players_points Values('20071104001','3','198','0');
insert into cric_players_points Values('20071104002','3','184','0');
insert into cric_players_points Values('20071104003','3','177','0');
insert into cric_players_points Values('20071104004','3','10','5');
insert into cric_players_points Values('20071104005','0','0','0');
insert into cric_players_points Values('20071104006','3','107','2');
insert into cric_players_points Values('20071104007','3','21','5');
insert into cric_players_points Values('20071104008','3','10','7');
insert into cric_players_points Values('20071104009','3','18','5');
insert into cric_players_points Values('20071104010','1','103','0');
insert into cric_players_points Values('20071104011','1','81','0');
insert into cric_players_points Values('20071104012','1','51','0');
insert into cric_players_points Values('20071104013','1','9','3');
insert into cric_players_points Values('20071104014','3','162','0');
insert into cric_players_points Values('20071104015','3','14','3');